,age,total_income,utilities,entertainment,school_fees,shopping,healthcare
count,3.0,3.0,3.0,3.0,3.0,3.0,3.0
mean,40.0,188888.66666666666,1.6666666666666667,0.0,0.0,0.0,0.0
std,23.643180835073778,270746.79164365615,2.8867513459481287,0.0,0.0,0.0,0.0
min,23.0,6666.0,0.0,0.0,0.0,0.0,0.0
25%,26.5,33333.0,0.0,0.0,0.0,0.0,0.0
50%,30.0,60000.0,0.0,0.0,0.0,0.0,0.0
75%,48.5,280000.0,2.5,0.0,0.0,0.0,0.0
max,67.0,500000.0,5.0,0.0,0.0,0.0,0.0
